{
    "dropoff":[
        {"name":"Delta", "position":[9424.26269531, 9897.97753906, 0.0], "orientation":[0.0, 0.0, -0.737954448984, 0.674850525097]},
        {"name":"Raekoja plats", "position":[9342.828125, 9465.49414062, 0.0], "orientation":[0.0, 0.0, 0.910867641696, 0.412698605898]},
        {"name":"Raadi", "position":[10801.4277344, 11229.0966797, 0.0], "orientation":[0.0, 0.0, -0.539411126459, 0.842042538505]}
    ]
}
    